[
  {
    "id": "alderley-edge",
    "title": "Alderley Edge",
    "number": null,
    "formationName": "Longways 6 couples",
    "speed": null,
    "musicType": "Jigs",
    "structure": {
      "barsPerPart": 32
    },
    "difficulty": null,
    "step": "",
    "author": "",
    "musicExamples": [],
    "calls": [
      "**A1** Groups of 4 **RH Star** and **LH Star**",
      "**A2** Groups of 4 **Circle** **Left** and **Circle Right**",
      "**B1** **Top couple gallop down** to the bottom, while the **bottom** **couple** **run up the outside** of the set to the top then **Bottom couple gallop down** to the bottom, while the **Top** **couple** **run up the outside** of the set to the top",
      "**B2** **Top gallop down**. All **swing**."
    ],
    "tunes": [],
    "formationId": "6c-L",
    "originalUrl": "",
    "videoUrl": "",
    "danceDiagram": "No diagram yet.",
    "notes": ""
  },
  {
    "id": "an-rince-mor",
    "title": "An Rince Mor",
    "number": null,
    "formationName": "Big Circle with partners",
    "speed": "Play a 32 with 3 B parts if needed.",
    "musicType": "Reels",
    "structure": {
      "barsPerPart": 40
    },
    "difficulty": null,
    "step": "",
    "author": "",
    "musicExamples": [],
    "calls": [
      "**A1** **Skip circle left for 4** and a **Balance** **kick, balance kick**. **Skip circle right for 4** and a **Balance** **kick, balance kick**.",
      "**A2** **Two hand swing other person** next to you who is ***not*** your partner",
      "**B1** **Two hand swing your partner**",
      "**B2** **Right arm turn other**, **left arm turn** your partner, **right arm turn other**",
      "**B3** **Promenade**"
    ],
    "tunes": [],
    "formationId": "Cc",
    "originalUrl": "",
    "videoUrl": "",
    "danceDiagram": "No diagram yet.",
    "notes": ""
  },
  {
    "id": "boston-tea-party",
    "title": "Boston Tea party",
    "number": null,
    "formationName": "Longways 6 couples",
    "speed": "Brisk",
    "musicType": "Brisk marches or Medium Polkas for a change (or Gallopy Jigs)",
    "structure": {
      "barsPerPart": 32
    },
    "difficulty": null,
    "step": "",
    "author": "",
    "musicExamples": [],
    "calls": [
      "**A1** **1s gallop** to bottom, wheel around, make **arch & up over** gents, [P2] **outside**",
      "**A2** **1s wheel** and **arch down over [P2s]** **1s gallop back up to top**",
      "**B1** **1s face down**, **others face up**, all holding hands. 1s **dip and dive** as others **move up** Others **cast out** when they get to the top. **1s make an arch at the bottom.**",
      "**B2** **Casting** couples **through arch Larkgle turn** ( hold hands, twist out still holding hands) **Swing**"
    ],
    "tunes": [],
    "formationId": "6c-L",
    "originalUrl": "",
    "videoUrl": "",
    "danceDiagram": "No diagram yet.",
    "notes": ""
  },
  {
    "id": "bridge-of-athlone",
    "title": "Bridge of Athlone",
    "number": null,
    "formationName": "Longways 5 couples",
    "speed": null,
    "musicType": "Jigs",
    "structure": {
      "barsPerPart": 48
    },
    "difficulty": null,
    "step": "",
    "author": "",
    "musicExamples": [],
    "calls": [
      "**A1** **Forwards** and **back. [P1s] arch,** lines **cross over.**",
      "**A2** **Forwards** and **back. [P2s] arch,** lines **cross over.**",
      "**B1** **Top couple gallop** down to the **bottom** and **back**",
      "**B2** **Top couple cast out. Arch** at the bottom. **All pass under.**",
      "**C1** **Arches. [P2] up. [P1] down. (All couples** make **two handed arches** (the Bridge) with partner. **Except top couple** (now at the bottom of the set). **Top [P2s] up under the arches, [P1] up** the **outside** to the top. **[P1]** down the middle **[P2] outside.)**",
      "**C2** **Swing**"
    ],
    "tunes": [],
    "formationId": "5c-L",
    "originalUrl": "",
    "videoUrl": "",
    "danceDiagram": "No diagram yet.",
    "notes": ""
  },
  {
    "id": "cambridge-circle-dance",
    "title": "Cambridge Circle Dance",
    "number": null,
    "formationName": "2 couples in double circle formation",
    "speed": "Start reasonable may speed up a little",
    "musicType": "Slip Jigs",
    "structure": {
      "barsPerPart": 64
    },
    "difficulty": null,
    "step": "",
    "author": "",
    "musicExamples": [],
    "calls": [
      "**A1** Hands around **Circle left** (12) - slip",
      "**A2** **Circle right** (12) - slip",
      "**B1** **[P1s] right hand turn opposite corner. [P2s] right hand turn opposite corner**",
      "**B2** **Face-to-face Turn with partner** - giving LEFT shoulder or palm-to-palm (can walk instead of skip)",
      "**C1** **Grand chain** with **right hand** to next person in circle count **4** people",
      "**C2** **Swing** the 5th (12)",
      "**D1** **Circle left in Fours** (12)",
      "**D2** **Circle Right** (12) **in new fours**"
    ],
    "tunes": [],
    "formationId": "2c-DbC",
    "originalUrl": "",
    "videoUrl": "",
    "danceDiagram": "No diagram yet.",
    "notes": ""
  },
  {
    "id": "chaos-square",
    "title": "Chaos Square",
    "number": null,
    "formationName": "Square all around the room",
    "speed": "Energetically",
    "musicType": "Jigs",
    "structure": {
      "barsPerPart": 32
    },
    "difficulty": null,
    "step": "",
    "author": "",
    "musicExamples": [],
    "calls": [
      "**A1** **Heads** of the room take **ballroom hold** and **gallop** **8 steps forward**, **8 steps back back**, preferably right across the room.",
      "**A2** **Sides** ditto.",
      "**B1** **Balance and swing** partners.",
      "**B2** **[P1s] make an inner circle facing out** and **moving to their left** (clockwise), **[P2s] make an outer circle moving to their left** (anticlockwise)"
    ],
    "tunes": [],
    "formationId": "AMc-Sq",
    "originalUrl": "",
    "videoUrl": "",
    "danceDiagram": "No diagram yet.",
    "notes": ""
  },
  {
    "id": "circassian-circle",
    "title": "Circassian Circle",
    "number": null,
    "formationName": "Circle any",
    "speed": null,
    "musicType": "Whatever",
    "structure": {},
    "difficulty": null,
    "step": "",
    "author": "",
    "musicExamples": [],
    "calls": [
      "**A1** **Walk 4** steps and **back Repeat**",
      "**A2** **[P2s]** advance and **clap [P1s]** advance and **clap**",
      "**B1** **[P1s]** join [P2] formerly on their left **spin** new partners",
      "**B2** **Promenade** ACW"
    ],
    "tunes": [],
    "formationId": "Cc",
    "originalUrl": "",
    "videoUrl": "",
    "danceDiagram": "No diagram yet.",
    "notes": ""
  },
  {
    "id": "cumberland-reel",
    "title": "Cumberland Reel",
    "number": null,
    "formationName": "Longways 4, 5, or 6",
    "speed": "Brisk",
    "musicType": "32 Reels",
    "structure": {
      "barsPerPart": 32
    },
    "difficulty": null,
    "step": "",
    "author": "",
    "musicExamples": [],
    "calls": [
      "**A1** **Two** **top** couples **RH star** **(7)** then **LH star (7)**",
      "**A2** **Two hands to partner and 1s gallop** down the middle **(8)** and **gallop back (8)**",
      "**B1** **1s lead** a single **cast**. **(8)**",
      "**B2** **No arch! 1s** join & **lead** up to the top. Others make arches behind them. When at top. **1s Promenade** to bottom under arches. **No waiting!**"
    ],
    "tunes": [],
    "formationId": "4-6c-L",
    "originalUrl": "",
    "videoUrl": "",
    "danceDiagram": "No diagram yet.",
    "notes": ""
  },
  {
    "id": "cumberland-square-eight",
    "title": "Cumberland Square Eight",
    "number": null,
    "formationName": "4c Square Set",
    "speed": "Moderate to med fast",
    "musicType": "2 * 32 * 2 Reels followed by Atthol Highlanders",
    "structure": {
      "barsPerPart": 48
    },
    "difficulty": null,
    "step": "",
    "author": "",
    "musicExamples": [],
    "calls": [
      "**A1** **Heads**: **gallop** [P1s] back to back; **gallop** back, [P2s] back to back",
      "**A2** **Sides:** the same",
      "**B1** **Heads**: **RH star** & **LH star**",
      "**B2** **Sides:** the same",
      "**A3** **Basket**: **Heads**, [P2s] arms on Larkss’ shoulders. [P1s] round waist.",
      "**A4** **Sides:** the same",
      "**B3** **All: circle left**",
      "**B4** **All:** **Promenade** home, [P1s] on inside"
    ],
    "tunes": [],
    "formationId": "4c-Sq",
    "originalUrl": "",
    "videoUrl": "",
    "danceDiagram": "No diagram yet.",
    "notes": ""
  },
  {
    "id": "dashing-white-sergeant",
    "title": "Dashing White Sergeant",
    "number": null,
    "formationName": "Three facing three",
    "speed": "Not too fast (unless more than 50% Scots!)",
    "musicType": "Own Tune / Reels",
    "structure": {
      "barsPerPart": 32
    },
    "difficulty": null,
    "step": "",
    "author": "",
    "musicExamples": [],
    "calls": [
      "**A1** All **circle left** for 7 steps. **Circle right.**",
      "**A2** **Middle person** turns to the person on their **right** and **sets** to them. **Turns** same person **once** round **right** **hand**. The other partner stands still. Face other partner and **repeat**.",
      "**B1** Face first partner **elbow** grip for **reel** **of** **three** **Turn** **1st** partner, then **turn** **2nd**, then **turn 1st** partner, **then** **2nd** partner. (Variation - dance a reel of three, giving left shoulder to 1st partner to start).",
      "**B2** **Lines of three**, **advance** (two skip steps) and **retire**."
    ],
    "tunes": [],
    "formationId": "3f3",
    "originalUrl": "",
    "videoUrl": "",
    "danceDiagram": "No diagram yet.",
    "notes": ""
  },
  {
    "id": "debbies-jig",
    "title": "Debbie’s Jig",
    "number": null,
    "formationName": "Square",
    "speed": "Gallopy",
    "musicType": "Jigs",
    "structure": {
      "barsPerPart": 32
    },
    "difficulty": null,
    "step": "",
    "author": "",
    "musicExamples": [],
    "calls": [
      "**A1** **Heads** in **American hold** and **charge** [P2s] back to back **7 steps**. **Return**.",
      "**A2** **Sides** the same.",
      "**B1** **RH Star** for 7. **LH Star** for 7.",
      "**B2** **All** **circle** **left** for 7 and **right** for 7. **OR** if whole set knows how to Ballroom Hold and Polka around!"
    ],
    "tunes": [],
    "formationId": "4c-Sq",
    "originalUrl": "",
    "videoUrl": "",
    "danceDiagram": "No diagram yet.",
    "notes": ""
  },
  {
    "id": "falling-masonry",
    "title": "Falling Masonry",
    "number": null,
    "formationName": "Longways 4 couples",
    "speed": null,
    "musicType": "Jigs",
    "structure": {
      "barsPerPart": 32
    },
    "difficulty": null,
    "step": "",
    "author": "",
    "musicExamples": [],
    "calls": [
      "**A1** **Forwards** and **back. [P1s] arch,** lines **cross over.**",
      "**A2** **Forwards** and **back. [P2s] arch,** lines **cross over.**",
      "**B1** **Falling Masonry: Top couple gallop** down to the **bottom, other** **couples** then **gallop after them in turn** and **move up** the set as they can",
      "**B2** Finally, **top couple gallop down** and **all swing**"
    ],
    "tunes": [],
    "formationId": "4c-L",
    "originalUrl": "",
    "videoUrl": "",
    "danceDiagram": "No diagram yet.",
    "notes": ""
  },
  {
    "id": "farmers-jig",
    "title": "Farmers Jig",
    "number": null,
    "formationName": "Longways 4 couples",
    "speed": "Med Fast Walky",
    "musicType": "Jigs",
    "structure": {
      "barsPerPart": 32
    },
    "difficulty": null,
    "step": "",
    "author": "",
    "musicExamples": [],
    "calls": [
      "**A1** All 4 couples, **take 1 hand**, face band **walk up 8 steps**. **Turn** and **return**.",
      "**A2** All 4 couples, **2 hands**, gallop up and **back**.",
      "**B1** **RH Star** for 7. **LH Star** for 7.",
      "**B2** 1st couple do single **cast**, **two-handed arch** at the bottom, others follow and keep walking up the set"
    ],
    "tunes": [],
    "formationId": "4c-L",
    "originalUrl": "",
    "videoUrl": "",
    "danceDiagram": "No diagram yet.",
    "notes": ""
  },
  {
    "id": "four-around-four",
    "title": "Four around four",
    "number": null,
    "formationName": "Longways 4 couples",
    "speed": null,
    "musicType": "Jigs",
    "structure": {
      "barsPerPart": 32
    },
    "difficulty": null,
    "step": "",
    "author": "",
    "musicExamples": [],
    "calls": [
      "**A1** **[P1s]** **around** the [P2s]",
      "**A2** **[P2s]** **around** the [P1s]",
      "**B1** **Top** couple **gallop** to the **bottom** and **back**",
      "**B2** **Top** couple **cast out, arch** at bottom All under - **swing** if time"
    ],
    "tunes": [],
    "formationId": "4c-L",
    "originalUrl": "",
    "videoUrl": "",
    "danceDiagram": "No diagram yet.",
    "notes": ""
  },
  {
    "id": "gay-gordons",
    "title": "Gay Gordons",
    "number": null,
    "formationName": "Couples",
    "speed": "Med Fast Walky",
    "musicType": "All the tunes...",
    "structure": {
      "barsPerPart": 32
    },
    "difficulty": null,
    "step": "",
    "author": "",
    "musicExamples": [],
    "calls": [
      "**A1** Right hands joined over [P2]'s shoulder ([P1]'s arm behind her back) and left hands joined in front, **walk** forward for **4** steps **Still moving in the same direction**, and **without letting go**, **pivot** on the spot (so left hand is behind [P2] and right hand is in front) and take **four steps backwards**.",
      "**A2** **Repeat** in the opposite direction.",
      "**B1** **Drop left** hands. **Raise right hands** above [P2]'s head. [P2] **pivots** on the spot. (The [P1] may set).",
      "**B2** Joining hands in ballroom hold, **polka** round the room. (Like skipping, but turning.)"
    ],
    "tunes": [],
    "formationId": "AMc",
    "originalUrl": "",
    "videoUrl": "",
    "danceDiagram": "No diagram yet.",
    "notes": ""
  },
  {
    "id": "goathland-square-eight",
    "title": "Goathland Square Eight",
    "number": null,
    "formationName": "4c Square Set",
    "speed": "Not too fast",
    "musicType": "Reels",
    "structure": {
      "barsPerPart": 32
    },
    "difficulty": null,
    "step": "",
    "author": "",
    "musicExamples": [],
    "calls": [
      "**A1** **Circle** to the left **(7)**, then **back** to the **right (7)**.",
      "**A2** **3s** single handed arch,**1s swap places under** the arch. **4s** and **2s** the same. **Repeat till back in place.**",
      "**B1** **Face partners** and **grand chain** around",
      "**B2** **Swing** partner when met."
    ],
    "tunes": [],
    "formationId": "4c-Sq",
    "originalUrl": "",
    "videoUrl": "",
    "danceDiagram": "No diagram yet.",
    "notes": ""
  },
  {
    "id": "lucky-seven",
    "title": "Lucky Seven",
    "number": null,
    "formationName": "Circle",
    "speed": "Not too fast",
    "musicType": "Jigs",
    "structure": {
      "barsPerPart": 32
    },
    "difficulty": null,
    "step": "",
    "author": "",
    "musicExamples": [],
    "calls": [
      "**A1** Hands joined. **Circle** **left** for **8. Circle** **right** for **8.**",
      "**A2** **Advance** into the centre and retire. **Repeat**.",
      "**B1** **Grand chain**. Right hand to partner, left hand to the next. When you reach seven give them a...",
      "**B2** **Spin** the seventh"
    ],
    "tunes": [],
    "formationId": "Cc",
    "originalUrl": "",
    "videoUrl": "",
    "danceDiagram": "No diagram yet.",
    "notes": ""
  },
  {
    "id": "monkey-in-the-middle",
    "title": "Monkey In The Middle",
    "number": null,
    "formationName": "Four couples in circle plus one",
    "speed": null,
    "musicType": "Reels",
    "structure": {
      "barsPerPart": 32
    },
    "difficulty": null,
    "step": "",
    "author": "",
    "musicExamples": [],
    "calls": [
      "**A1** **Circle left (8) Circle right (8)**",
      "**A2** **In and out (8) In and out (8)**",
      "**B1** **Monkey chooses one to swing (8)** They **let go** and **choose 2 to swing (8)**",
      "**B2** Then those **4 let go** and **choose one each from outside to swing** Left-over person becomes monkey **Join hands and start again**"
    ],
    "tunes": [],
    "formationId": "4c-C+1",
    "originalUrl": "",
    "videoUrl": "",
    "danceDiagram": "No diagram yet.",
    "notes": ""
  },
  {
    "id": "moving-along",
    "title": "Moving Along",
    "number": null,
    "formationName": "Circle",
    "speed": null,
    "musicType": "Jigs",
    "structure": {
      "barsPerPart": 32
    },
    "difficulty": null,
    "step": "",
    "author": "",
    "musicExamples": [],
    "calls": [
      "**A1** **Take hands,** go **into middle** and **back, twice.**",
      "**A2** Bars 1-4:\t**RH** turn **partner** and **pass by**. Bars 5-8:\t**LH** turn **next person** and **pass by**.",
      "**B1** Bars 1-4:\t**2-Hand** turn **next person** and **pass by**. Bars 5-8:\t**Do-si-do next person** and **pass by**.",
      "**B2** **Swing** the next."
    ],
    "tunes": [],
    "formationId": "Cc",
    "originalUrl": "",
    "videoUrl": "",
    "danceDiagram": "No diagram yet.",
    "notes": ""
  },
  {
    "id": "muffin-man",
    "title": "Muffin Man",
    "number": null,
    "formationName": "Concentric Circles, Man on inside",
    "speed": "Start slow, be able to play really fast...",
    "musicType": "Polkas",
    "structure": {
      "barsPerPart": 32
    },
    "difficulty": null,
    "step": "",
    "author": "",
    "musicExamples": [],
    "calls": [
      "**A1** Hold hands in circle. [P1s] **gallop anti-clockwise** for **7**. **Back** for **7.** [P2s] go the opposite way for **7**.",
      "**A2** Dosido your partner **RIGHT** shoulder first, then **left.**",
      "**B1** Clapping: **KKRR, KKLL, KRKL, FBF Cuddle/or both)**",
      "**B2** **Swing** the person to your **right**. (Look to right grab that person)."
    ],
    "tunes": [],
    "formationId": "DbC",
    "originalUrl": "",
    "videoUrl": "",
    "danceDiagram": "No diagram yet.",
    "notes": ""
  },
  {
    "id": "orcadian-strip-the-willow",
    "title": "Orcadian Strip The Willow",
    "number": null,
    "formationName": "Lines facing any length",
    "speed": "Decent lick",
    "musicType": "Slip Jigs",
    "structure": {},
    "difficulty": null,
    "step": "",
    "author": "",
    "musicExamples": [],
    "calls": [
      "**All** 1s spin **RH 1.5 TIMES the first time** When facing opposite line **PUT OUT LEFT ELBOW** and **spin** your opposite. When once round, meet your partner and spin them by **Right elbow**. Do this all the way down the line. If you run out of partners, swing till the end of the phrase and stand. **Shuffle up as you go!** Rule is: **Right** to partner, **Left** to opposite. Flow is the key. Wait till there are at least two couples between you before going. A new couple starts every 16 bars."
    ],
    "tunes": [],
    "formationId": "7-8c-L",
    "originalUrl": "",
    "videoUrl": "",
    "danceDiagram": "No diagram yet.",
    "notes": ""
  },
  {
    "id": "pieces-of-eight",
    "title": "Pieces of Eight",
    "number": null,
    "formationName": "Circle",
    "speed": null,
    "musicType": "Reels",
    "structure": {
      "barsPerPart": 32
    },
    "difficulty": null,
    "step": "",
    "author": "",
    "musicExamples": [],
    "calls": [
      "**A1** **All into middle (4) and clap, retire RH Turn** partner",
      "**A2** [P1s] dance **figure of 8, around partner, around next [P2], behind partner** and **back to place**",
      "**B1** [P2s] dance **figure of 8, around partner, around next [P2], behind partner** and **back to place facing partner**",
      "**B2** **Change places. pass by** partner with **LH** to meet **new partner RH turn** new partner **All face in**"
    ],
    "tunes": [],
    "formationId": "Cc",
    "originalUrl": "",
    "videoUrl": "",
    "danceDiagram": "No diagram yet.",
    "notes": ""
  },
  {
    "id": "sweets-of-may",
    "title": "Sweets of May",
    "number": null,
    "formationName": "Longways 4 couples",
    "speed": "Own Tune",
    "musicType": "Own Tune",
    "structure": {
      "barsPerPart": 48
    },
    "difficulty": null,
    "step": "",
    "author": "",
    "musicExamples": [],
    "calls": [
      "**A1** [P1s] **lead line around** [P2s] (sing the tune to them).",
      "**A2** [P2s] **lead line around** [P1s].",
      "**B1** Pairs **RH Star** for 7. **LH Star** for 7.",
      "**B2** **1s Gallop** to foot and **back**",
      "**C1** **Cast** off and follow in lines. **Arch** at the bottom. 2-4s **walk to place**.",
      "**C2** **Swing**"
    ],
    "tunes": [],
    "formationId": "4c-L",
    "originalUrl": "",
    "videoUrl": "",
    "danceDiagram": "No diagram yet.",
    "notes": ""
  },
  {
    "id": "virginia-reel",
    "title": "Virginia Reel",
    "number": null,
    "formationName": "Longways 6-7 couples",
    "speed": "Moderate",
    "musicType": "Jigs",
    "structure": {
      "barsPerPart": 32
    },
    "difficulty": null,
    "step": "",
    "author": "",
    "musicExamples": [],
    "calls": [
      "**A1** All **forward** and **back** in lines **(4)** **Repeat**",
      "**A2** **Right-arm turn** partner **(8)** **Left-arm turn** partner **(8)**",
      "**B1** **Both hands turn (8)** **Do-si-do** **(8)**",
      "**B2** **Tops (8)** Two Hands **gallop** down the middle and **STAY (8) Clap** (opt. close-clench swing) as Tops pass and **Shuffle up**"
    ],
    "tunes": [],
    "formationId": "7-8c-L",
    "originalUrl": "",
    "videoUrl": "",
    "danceDiagram": "No diagram yet.",
    "notes": "",
    "instructionsHtml": "<p><strong>Formation:</strong> Lines of Person 1s and Person 2s facing; Person 1s on the caller’s left.</p><p><strong>A1 (8 bars)</strong>: All join hands along each line. Forward 4 steps, back 4 steps; repeat once more.</p><p><strong>A2 (8 bars)</strong>: Drop hands. Turn partner by the right hand once round, then by the left hand once round back to place.</p><p><strong>B1 (8 bars)</strong>: Turn partner with both hands once round, then do-si-do with partner (pass right shoulder, back-to-back, and return to place).</p><p><strong>B2 (8 bars)</strong>: Top couple join both hands and gallop down the middle and back. Then they cast to the bottom while others move up, finishing with the top couple making an arch and the others coming up under to new places.</p>"
  },
  {
    "id": "witches-reel",
    "title": "Witches Reel",
    "number": null,
    "formationName": "Longways 4 couples",
    "speed": "Brisk",
    "musicType": "Jigs",
    "structure": {
      "barsPerPart": 32
    },
    "difficulty": null,
    "step": "",
    "author": "",
    "musicExamples": [],
    "calls": [
      "**A1** **Top** couple **gallop** down and **back**",
      "**A2** **Tops cast out** make an **arch** all **pass under**",
      "**B1** **Bottom couple** hold hands. **[P2s]** - **Thread the Needle**",
      "**B2** **[P1s]** - **Thread the Needle**"
    ],
    "tunes": [],
    "formationId": "4c-L",
    "originalUrl": "",
    "videoUrl": "",
    "danceDiagram": "No diagram yet.",
    "notes": ""
  },
  {
    "id": "yarmouth-long-dance",
    "title": "Yarmouth Long Dance",
    "number": null,
    "formationName": "Becket longways set (6–8 couples)",
    "speed": "Moderate",
    "musicType": "Jigs",
    "structure": {
      "barsPerPart": 32
    },
    "difficulty": null,
    "step": "",
    "author": "",
    "musicExamples": [],
    "calls": [
      "**A1** All couples ballroom hold **8 steps gallop across - past opposite couple** and **back**",
      "**A2** With **opposites** **RH star** then **LH star**",
      "**B1** **Do-si-do** opposite then turn and **Do-si-do** your partner",
      "**B2** Top two couples **spinning cross** to the bottom of the set. Each couple holds right hands, grabs wrist of person next to them with left hand."
    ],
    "tunes": [],
    "formationId": "6-8c-L-B",
    "originalUrl": "",
    "videoUrl": "",
    "danceDiagram": "No diagram yet.",
    "notes": ""
  },
  {
    "id": "crumpet-circle-polka",
    "title": "Crumpet Circle Polka",
    "number": null,
    "formationName": "Circle, [P2s] on [P1s]’s right.",
    "speed": null,
    "musicType": "Polkas",
    "structure": {
      "barsPerPart": 32
    },
    "difficulty": null,
    "step": "",
    "author": "Dan Leighton",
    "musicExamples": [],
    "calls": [
      "**A1** All to the **centre** and **back**. **Repeat**.",
      "**A2** Both hands to partner: **four gallop steps** into the **centre** and **back**. **Repeat**.",
      "**B1** **Promenade** (or Polka)",
      "**B2** **Swing** (or Polka)"
    ],
    "tunes": [],
    "formationId": "Cc",
    "originalUrl": "",
    "videoUrl": "",
    "danceDiagram": "No diagram yet.",
    "notes": ""
  },
  {
    "id": "patacake-polka",
    "title": "Patacake Polka",
    "number": null,
    "formationName": "2 concentric circles, [P1s] inside facing partners.",
    "speed": null,
    "musicType": "Polkas",
    "structure": {
      "barsPerPart": 32
    },
    "difficulty": null,
    "step": "",
    "author": "",
    "musicExamples": [],
    "calls": [
      "**A1** **Both** hands, (start [P1]’s left) **heel, toe, heel, toe**",
      "**A2** 4 **sidestep left**. **Repeat** to **right**.",
      "**B1** **Claps**: right x3, left x3, both x3, knees x3",
      "**B2** **Swing** partner and gents **swap** to next partner on left"
    ],
    "tunes": [],
    "formationId": "DbC",
    "originalUrl": "",
    "videoUrl": "",
    "danceDiagram": "No diagram yet.",
    "notes": ""
  },
  {
    "id": "oxo-reel",
    "title": "Oxo Reel",
    "number": null,
    "formationName": "6-couple longways sets",
    "speed": null,
    "musicType": "Reels",
    "structure": {
      "barsPerPart": 32
    },
    "difficulty": null,
    "step": "",
    "author": "",
    "musicExamples": [],
    "calls": [
      "**A1** **Forward** and **back 4 steps**. **Forward** again [P1s] **arch**, [P2s] duck.",
      "**A2** **Repeat**. [P2s] arch and [P1s] duck.",
      "**B1** Top and bottom couples **circle left & right**. Middles **LH and RH star.**",
      "**B2** Top couple only **gallop** to bottom and **stay**; all **swing** partners"
    ],
    "tunes": [],
    "formationId": "6c-L",
    "originalUrl": "",
    "videoUrl": "",
    "danceDiagram": "No diagram yet.",
    "notes": ""
  },
  {
    "id": "clopton-bridge",
    "title": "Clopton Bridge",
    "number": null,
    "formationName": "Longways 4 couples.",
    "speed": null,
    "musicType": "Hornpipes",
    "structure": {
      "barsPerPart": 32
    },
    "difficulty": null,
    "step": "",
    "author": "",
    "musicExamples": [],
    "calls": [
      "**A1** **First corners** Top [P1] and Bottom [P2] **RH swing** 8 hops then **LH swing** 8 hops",
      "**A2** **Second corners** Bottom [P1] and Top [P2] **RH swing** 8 hops then **LH swing** 8 hops",
      "**B1** **Middle two couples RH star** 8 hops then **LH star** 8 hops",
      "**B2** **Top couple** **swing** down to the **bottom** 8 hops **All swing** 8 hops"
    ],
    "tunes": [],
    "formationId": "4c-L",
    "originalUrl": "",
    "videoUrl": "",
    "danceDiagram": "No diagram yet.",
    "notes": ""
  },
  {
    "id": "chaton-ring",
    "title": "Chaton Ring",
    "number": null,
    "formationName": "Big circle of couples, [P2] on [P1]’s right",
    "speed": null,
    "musicType": "Jigs",
    "structure": {
      "barsPerPart": 32
    },
    "difficulty": null,
    "step": "",
    "author": "",
    "musicExamples": [],
    "calls": [
      "**A1** **Circle** **left** **16** steps",
      "**A2** **All in and out**. **Repeat**",
      "**B1** **Balance left then right.** [P1s] **pass** **across** partner from **right to left. Repeat.**",
      "**B2** **Gallop in** and **out All swing**"
    ],
    "tunes": [],
    "formationId": "Cc",
    "originalUrl": "",
    "videoUrl": "",
    "danceDiagram": "No diagram yet.",
    "notes": ""
  },
  {
    "id": "bottoms-up",
    "title": "Bottoms up",
    "number": null,
    "formationName": "Longways 5 couples, [P1] on right facing band",
    "speed": null,
    "musicType": "Jigs",
    "structure": {
      "barsPerPart": 32
    },
    "difficulty": null,
    "step": "",
    "author": "",
    "musicExamples": [],
    "calls": [
      "**A1** **[P2s] thread the needle**",
      "**A2** **[P1s] thread the needle**",
      "**B1** All **Circle Left** and **Circle Right**",
      "**B2** **Bottom couple gallop up to the top. Top couple place hands on waists** of the bottom couple**. Both couples gallop down as a line, Top couple join bottom.**"
    ],
    "tunes": [],
    "formationId": "5c-L",
    "originalUrl": "",
    "videoUrl": "",
    "danceDiagram": "No diagram yet.",
    "notes": ""
  },
  {
    "id": "mccann-s-reel",
    "title": "McCann’s Reel",
    "number": null,
    "formationName": "Scicilian Circle (Couples in Fours, 1 pair face CW, other CCW)",
    "speed": "Medium",
    "musicType": "Jigs or reels",
    "structure": {
      "barsPerPart": 32
    },
    "difficulty": "2",
    "step": "",
    "author": "Dave Ball",
    "musicExamples": [],
    "calls": [
      "**A1** Do-si-do **opposite (8)** Do-si-do **partner (8)**",
      "**A2** Face partners and take hands around the room in two big concentric circles. One facing in and one out. **Circle left (8) Circle right (8)**",
      "**B1** When back with original couple **Take hands In fours Circle left (8) Circle right (8)**",
      "**B2** Form **lines of four** - CW couple drop hands and go to end. CCW couple in middle **March** anticlockwise. Inner couple - **single arch** Other couple go through - progress on to meet a new couple"
    ],
    "tunes": [],
    "formationId": "SC",
    "originalUrl": "",
    "videoUrl": "",
    "danceDiagram": "No diagram yet.",
    "notes": ""
  },
  {
    "id": "borrowdale-exchange",
    "title": "Borrowdale Exchange",
    "number": null,
    "formationName": "3 couples in a circle of 6.",
    "speed": "Medium",
    "musicType": "Polkas",
    "structure": {
      "barsPerPart": 32
    },
    "difficulty": "1",
    "step": "All in skip/slip step (step hop) - or just walk",
    "author": "",
    "musicExamples": [],
    "calls": [
      "**A1** **Skip circle left (8) Circle right (8)**",
      "**A2** **In and out (4 + 4) Do-si-do (8)**",
      "**B1** **Right-hand star (8) -** hold hands with person opposite and nobody else**. Unwind -** lowest [P2] goes under the star, then next couple. Keep hold of hands.",
      "**B2** **Promenade** - **make new sets**"
    ],
    "tunes": [],
    "formationId": "3c-C",
    "originalUrl": "",
    "videoUrl": "",
    "danceDiagram": "No diagram yet.",
    "notes": ""
  },
  {
    "id": "canadian-barn-dance",
    "title": "Canadian Barn Dance",
    "number": null,
    "formationName": "Couples circle facing clockwise [P1] on inside",
    "speed": null,
    "musicType": "6/8 (jig/march)",
    "structure": {
      "barsPerPart": 32
    },
    "difficulty": null,
    "step": "",
    "author": "B. Durrands. 19th Century",
    "musicExamples": [],
    "calls": [
      "**A1** Starting with **outside foot** **walk forward for three** steps and **hop**, **walk backwards for three** steps and **hop**",
      "**A2** **Two side steps away from partner, spin if you like** and **clap**, And **back the same way** Return to partner in relaxed **waltz** **hold**",
      "**B1** **Chasse** sideways to the [P1]'s left for **two steps and back**",
      "**B2** **Polka** (step hop on alternate feet) round the room along the line of dance."
    ],
    "tunes": [],
    "formationId": "AMc",
    "originalUrl": "",
    "videoUrl": "",
    "danceDiagram": "No diagram yet.",
    "notes": ""
  },
  {
    "id": "military-two-step",
    "title": "Military Two Step",
    "number": null,
    "formationName": "Couples circle facing clockwise [P1] on inside",
    "speed": null,
    "musicType": "6/8 (jig/march)",
    "structure": {
      "barsPerPart": 32
    },
    "difficulty": null,
    "step": "",
    "author": "",
    "musicExamples": [],
    "calls": [
      "**A1** Starting with **outside foot** **Heel and toe twice, forward for three** steps **Turn around to face the other way**",
      "**A2** **Repeat Face partner**",
      "**B1** **Jump and kick twice [P1] turns partner under his raised right arm**",
      "**B2** **Ballroom hold and waltz**"
    ],
    "tunes": [],
    "formationId": "AMc",
    "originalUrl": "",
    "videoUrl": "",
    "danceDiagram": "No diagram yet.",
    "notes": ""
  },
  {
    "id": "dance-for-a-found-harmonium",
    "title": "Dance for a Found Harmonium",
    "number": null,
    "formationName": "Circle Becket (Couples in Fours, 1 pair face IN, other OUT)",
    "speed": "Brisk but not crazy",
    "musicType": "Reels",
    "structure": {
      "barsPerPart": 48
    },
    "difficulty": "2",
    "step": "Single/Skip",
    "author": "Dan Leighton danleighton@gmail.com",
    "musicExamples": [],
    "calls": [
      "**A A1** **Set** to your opposite\t**Right hand turn**. Repeat to your partner (& 1 & 2) (1,2,3,4)",
      "**B A2** **Grand chain** along the circle giving **LEFT hand first** (1 & 2 & 3 & 4 & 5 & 6 & 7 & **Ballroom Hold**)",
      "**C B2** **Ballroom hold** with **8th** person and **Spin** (1 & 2 & 3 & 4 & 5 & 6 & 7 & Basket)",
      "**D B2** **Christmas** with new opposite couple (left arm up right arm down (1 & 2 & 3 & 4 & 5 & 6 & 7 & 8)",
      "**A C1** **Inner** [P1] and **Outer** [P2], in American hold **Gallop** **clockwise** around circle between other couples - **clapping** (12345678). **And back**. (12345678)",
      "**B C2** **Outer** [P1] and **Inner** [P2], in American hold **Gallop** **clockwise** around circle between other couples - **clapping** (12345678). **And back**. (12345678)"
    ],
    "tunes": [],
    "formationId": "2c-DbC",
    "originalUrl": "",
    "videoUrl": "",
    "danceDiagram": "No diagram yet.",
    "notes": ""
  }
]